{
  "feature_cols": [
    "Age",
    "Cholesterol",
    "BP",
    "Max HR",
    "ST depression",
    "Number of vessels fluro"
  ],
  "mu": [
    54.544973544973544,
    247.86772486772486,
    130.62433862433863,
    148.93650793650792,
    1.093650793650793,
    0.7195767195767195
  ],
  "sigma": [
    9.141123929387557,
    46.3685314016692,
    16.86866918947546,
    23.46687839181612,
    1.2039889190554722,
    0.981677557105535
  ],
  "w": [
    -0.28345269760353703,
    0.25897407715101717,
    0.051067648263088544,
    -0.7928854997954521,
    0.7907022935685474,
    1.100081624475163
  ],
  "b": -0.16965692514700678,
  "lambda": 0.0
}